{
  "component":true,
  "usingComponents":{
      "l-avatar": "/components/linui/avatar/index",
      "l-grid": "/components/linui/grid/index",
      "l-grid-item": "/components/linui/grid-item/index",
      "i-grid": "/components/dist/grid/index",
      "i-grid-item": "/components/dist/grid-item/index",
      "i-grid-icon": "/components/dist/grid-icon/index",
      "i-grid-label": "/components/dist/grid-label/index",
      "i-cell-group": "/components/dist/cell-group/index",
      "i-cell": "/components/dist/cell/index",
      "i-con": "/components/dist/icon/index"

  }
}